"Irresistible Impulse,Dances With Wolves,Mexico,Killer Hair",
"Mexico,The First Counsel,Killer Hair,Reckless Endangerment,Irresistible Impulse",
"The First Counsel,Reckless Endangerment,Dances With Wolves,Irresistible Impulse",
"Killer Hair,Dances With Wolves,Mexico",
"Mexico,Irresistible Impulse",
"Irresistible Impulse",
"Dances With Wolves,The First Counsel,Irresistible Impulse,Reckless Endangerment,Killer Hair",
"The First Counsel,Mexico,Killer Hair,Irresistible Impulse,Dances With Wolves",
"Mexico,Reckless Endangerment",
"Dances With Wolves,Reckless Endangerment,The First Counsel,Killer Hair,Mexico",
"Killer Hair,Dances With Wolves,Reckless Endangerment,Irresistible Impulse,The First Counsel",
"Killer Hair,Reckless Endangerment,Dances With Wolves",
"Mexico,Dances With Wolves,Irresistible Impulse,Killer Hair",
"Killer Hair,Dances With Wolves,Irresistible Impulse,Mexico",
"Reckless Endangerment,Killer Hair,Mexico,Irresistible Impulse,The First Counsel"
